<?xml version="1.0" encoding="UTF-8"?>
<project-private xmlns="http://www.netbeans.org/ns/project-private/1">
    <editor-bookmarks xmlns="http://www.netbeans.org/ns/editor-bookmarks/2" lastBookmarkId="0"/>
    <open-files xmlns="http://www.netbeans.org/ns/projectui-open-files/2">
        <group>
            <file>file:/C:/Users/fatec-dsm2/Desktop/projects/TPI-projectss/slide-09/ProjetoClinica/src/Model/Paciente.java</file>
            <file>file:/C:/Users/fatec-dsm2/Desktop/projects/TPI-projectss/slide-09/ProjetoClinica/src/View/FCadastroPaciente.java</file>
            <file>file:/C:/Users/fatec-dsm2/Desktop/projects/TPI-projectss/slide-09/ProjetoClinica/src/View/FLogin.java</file>
            <file>file:/C:/Users/fatec-dsm2/Desktop/projects/TPI-projectss/slide-09/ProjetoClinica/src/Model/Usuario.java</file>
            <file>file:/C:/Users/fatec-dsm2/Desktop/projects/TPI-projectss/slide-09/ProjetoClinica/src/View/FCadastrarUsuario.java</file>
        </group>
    </open-files>
</project-private>
